word,evaluate
abase,483
abate,467
aback,450
abbey,419
adage,417
amass,416
abled,415
ahead,413
abode,402
abide,401
arena,396
award,391
aware,391
abyss,390
apnea,388
assay,387
adapt,386
abbot,386
array,382
abuse,379
adobe,379
agate,378
aorta,378
amaze,378
acrid,377
aroma,377
alarm,375
again,372
algae,368
awake,368
above,367
abort,367
await,366
avian,364
altar,364
abhor,363
agape,362
awash,362
adore,360
apart,360
avail,358
amber,358
axial,354
aider,352
allay,349
acorn,347
agree,346
about,345
asset,343
aside,340
adorn,338
acute,336
actor,335
ashen,333
admin,332
arose,332
amiss,332
arise,331
arbor,330
alpha,329
alien,327
amend,327
anode,326
admit,325
amble,325
adept,319
ardor,317
alter,317
alibi,315
aisle,314
cabal,311
ascot,311
cacao,310
avoid,309
anger,309
atone,308
after,308
arson,307
anime,307
alone,306
basal,306
salad,305
askew,305
afire,305
radar,304
adopt,303
amuse,303
alert,302
alley,302
audio,301
annex,300
carat,300
armor,300
antic,298
attic,295
aphid,295
adult,295
aloud,293
drama,293
audit,293
angel,292
avert,292
alike,291
agile,291
madam,290
banal,290
arrow,290
album,290
salsa,288
apron,287
azure,286
agent,285
alive,285
awoke,285
artsy,284
tiara,283
axion,283
scare,282
axiom,282
ankle,281
canal,277
argue,277
afoot,276
angle,276
ample,275
mania,275
amity,275
nasal,274
bread,273
annoy,273
beard,273
basis,271
macaw,271
brass,271
sauna,270
aloof,270
allot,269
among,269
atoll,268
scale,267
karma,267
brace,267
scald,267
alloy,266
align,266
angst,266
agony,266
ocean,265
along,264
cease,264
mamma,263
braid,262
scram,262
apple,261
pasta,261
debar,261
anvil,259
aloft,259
angry,259
koala,259
mafia,259
dread,259
scuba,258
baler,258
crass,258
broad,257
allow,257
llama,257
cadet,256
racer,256
natal,256
rabid,256
aging,255
board,255
larva,255
rarer,254
aping,254
erase,253
aunty,253
kebab,253
rabbi,253
basic,252
parka,252
rebar,251
blade,251
gamma,250
baker,250
annul,250
easel,250
afoul,250
cabby,250
rajah,250
scary,250
aglow,249
brand,249
cedar,249
beach,249
eater,249
cable,248
beast,248
beady,247
cameo,247
baste,246
ideal,246
stead,245
class,245
cabin,245
cater,245
blare,245
manga,245
eclat,244
eaten,244
scant,244
magma,244
aptly,243
augur,243
saner,243
amply,243
tease,242
scrap,242
fatal,242
pagan,241
naval,241
fauna,241
label,240
cobra,240
lease,240
basin,240
chaos,240
brain,240
sedan,240
laden,239
briar,239
bacon,239
affix,239
kayak,239
scree,238
tread,238
scarf,238
dance,237
baron,237
badge,237
cream,237
peace,236
obese,236
heard,236
rehab,236
chase,236
bland,236
dream,236
crane,236
eager,236
plaza,235
break,235
circa,235
brake,235
ramen,235
harem,235
scaly,235
raise,235
shade,234
staid,234
barge,234
mecca,234
camel,234
blame,233
crate,233
caste,233
snare,233
chard,232
trace,232
evade,232
cache,232
decay,232
parer,232
caper,231
smear,231
bleat,231
boast,230
masse,230
clear,230
stare,230
media,230
decal,230
brash,229
trade,229
brave,229
react,229
apply,229
tamer,229
papal,228
bagel,228
space,228
guava,228
tabby,228
canoe,228
share,228
basil,228
shard,228
sauce,227
scamp,227
safer,227
table,226
shear,226
rearm,226
cause,226
zebra,226
breed,226
drain,226
payee,226
grass,226
essay,225
radii,225
cocoa,225
spade,225
reach,225
clean,225
tibia,224
scalp,224
maybe,224
caddy,224
elate,224
daddy,223
enema,223
knead,223
bathe,223
ready,223
farce,223
radio,222
facet,222
creak,222
steam,222
awful,222
bleak,222
grace,222
octal,221
irate,221
later,221
drake,221
triad,221
hater,221
labor,221
stand,221
began,221
enact,221
cairn,220
blast,220
terra,220
blaze,220
craze,220
chair,219
cacti,219
grade,219
gamer,219
swear,219
taboo,219
spare,219
state,218
coach,218
nadir,218
cleat,218
layer,218
carve,218
hoard,218
cheat,218
parse,218
oaken,218
maker,218
borax,217
kappa,217
coast,217
baton,217
stair,217
cagey,217
spear,217
shame,216
drape,216
slate,216
crave,216
black,216
crash,216
inane,216
batch,216
crack,216
badly,216
taker,215
dealt,215
carry,215
stale,215
bloat,215
fable,215
lance,214
water,214
urban,214
chain,214
raven,214
plead,214
learn,214
teach,214
death,214
habit,214
begat,214
chasm,213
creed,213
daisy,213
medal,213
shale,213
sassy,213
glass,213
bleed,213
embed,213
yearn,213
claim,213
stain,212
paler,212
nomad,212
brawn,212
mambo,212
leach,212
carol,212
matey,211
email,211
recap,211
ladle,211
steal,211
coral,211
taste,211
diary,211
least,211
skate,211
realm,211
slain,210
sneak,210
gayer,210
heady,210
taken,210
yeast,210
pecan,210
delay,210
snake,210
delta,209
haste,209
charm,209
macro,209
payer,209
taper,209
dairy,209
treat,209
lager,208
bravo,208
exact,208
sepia,208
place,208
iliac,208
steak,207
umbra,207
leave,207
stake,207
sweat,207
roach,207
heave,207
heart,207
leash,207
rapid,206
glade,206
sonar,206
canon,206
earth,206
croak,206
teary,206
saute,206
scene,206
roast,206
odder,205
satin,205
shake,205
chafe,205
train,205
rumba,204
march,204
smart,204
cheap,204
stage,204
manic,204
snack,204
grand,204
smack,204
early,204
solar,204
smash,204
lasso,204
clash,203
mason,203
catch,203
eagle,203
candy,203
plaid,203
phase,203
opera,203
snail,203
chart,203
meant,203
peach,203
tract,203
sumac,203
clack,203
feast,202
bawdy,202
tacit,202
waste,202
dandy,202
shady,202
stray,201
grate,201
stack,201
start,201
stave,201
stash,201
haven,201
wager,201
saint,200
spasm,200
salon,200
relay,200
glare,200
frame,200
weave,200
wafer,200
shape,200
cargo,200
beret,200
china,200
paste,200
brawl,200
gazer,200
renal,200
slack,199
sadly,199
slash,199
valet,199
image,199
pedal,199
shack,199
tardy,199
shave,199
flare,199
emcee,199
waver,199
great,199
ratio,199
sandy,199
score,199
marsh,199
snarl,199
drawn,198
steed,198
maize,198
false,198
paper,198
vicar,198
crank,198
comma,198
usage,198
bayou,198
swarm,198
trait,198
beset,198
blank,198
fecal,198
leant,198
drank,197
screw,197
large,197
hardy,197
meaty,197
cigar,197
weary,197
valid,197
panel,197
balmy,196
speak,196
cried,196
batty,196
ember,196
waxen,196
guard,196
squad,196
ovate,196
feral,196
marry,196
grain,195
saucy,195
tarot,195
bused,195
gonad,195
suave,195
modal,195
toast,195
dried,195
trash,194
ranch,194
salve,194
naive,194
navel,194
mealy,194
today,194
track,194
daily,194
chant,194
tidal,194
harsh,194
friar,193
glean,193
pearl,193
ebony,193
pause,193
shoal,193
lapse,193
cloak,193
trail,193
clasp,193
bribe,193
lilac,193
sober,193
hyena,192
straw,192
banjo,192
randy,192
range,192
macho,192
manor,192
swash,192
theta,192
stark,192
moral,192
gleam,192
cress,191
bless,191
wreak,191
gland,191
hazel,191
paddy,191
relax,191
tubal,191
latte,191
harry,191
heath,191
udder,191
omega,191
swami,191
slant,190
savor,190
panic,190
spray,190
extra,190
rayon,190
groan,190
lapel,190
cramp,190
mocha,190
plane,190
metal,190
fraud,190
scone,190
shark,190
strap,190
rainy,190
dress,190
molar,189
magic,189
eerie,189
craft,189
freak,189
local,189
crazy,188
graze,188
satyr,188
draft,188
canny,188
rebel,187
flame,187
mayor,187
speed,187
crawl,187
plate,187
wheat,187
trial,187
bylaw,186
rural,186
cider,186
whale,186
lathe,186
flair,186
repay,186
haute,186
waist,186
hairy,186
drawl,186
cyber,186
sharp,185
gassy,185
regal,185
clank,185
wrack,185
grape,185
pleat,185
razor,185
sneer,184
idler,184
exalt,184
mange,184
small,184
scrub,184
scold,184
shalt,184
match,184
madly,184
grave,184
cheer,183
grail,183
daunt,183
stank,183
catty,183
vapid,183
titan,183
waive,182
beech,182
taint,182
cavil,182
nasty,182
talon,182
frail,182
parry,182
leaky,181
steer,181
psalm,181
shank,181
piano,181
greed,181
corer,181
datum,181
clang,181
spark,181
stall,181
plain,181
gavel,181
freed,180
focal,180
dwarf,180
quasi,180
foray,180
bride,180
tweak,180
shall,179
sheer,179
bobby,179
hatch,179
maple,179
crier,179
tasty,179
salty,179
shied,179
viral,179
knave,179
dally,179
latch,179
bible,179
knack,179
vocal,179
handy,179
octet,179
organ,179
leapt,179
chalk,179
belie,178
dogma,178
snaky,178
mural,178
tapir,178
chess,178
yacht,178
deter,178
elder,178
drier,178
soapy,178
vista,178
woman,178
penal,178
scorn,177
sugar,177
edict,177
leafy,177
melee,177
royal,177
flora,177
champ,177
slang,177
sigma,177
stalk,177
fairy,177
scent,177
clamp,177
hasty,177
patio,177
havoc,177
ovary,176
swath,176
flake,176
semen,176
inlay,176
sally,176
maxim,176
petal,176
gnash,176
kneed,176
fetal,176
stamp,175
major,175
savoy,175
cross,175
valor,175
betel,175
rider,175
glaze,175
spree,175
polar,175
creek,175
heavy,175
scion,175
ester,175
grant,175
sheen,174
bliss,174
brood,174
raspy,174
halve,174
loamy,174
dross,174
reset,174
mauve,174
siren,174
giant,174
grasp,174
fella,174
tried,174
plait,174
vegan,174
rebus,173
fancy,173
loath,173
spawn,173
shaky,173
viola,173
order,173
splat,173
salvo,173
ratty,172
erode,172
warty,172
shaft,172
tacky,172
legal,172
spank,172
watch,172
whack,172
lunar,172
bicep,172
tweed,171
tonal,171
value,171
debit,171
faint,171
quake,171
human,171
paint,171
scope,171
patch,170
vodka,170
bleep,170
mammy,170
gloat,170
flash,170
flack,170
party,170
equal,170
shawl,170
spied,170
creep,170
voila,170
riser,170
rodeo,169
flail,169
wrath,169
rally,169
caulk,169
dicey,169
blend,169
baggy,169
total,169
float,169
nanny,169
pasty,168
tramp,168
usual,168
pansy,168
borne,167
sleet,167
beget,167
niece,167
derby,167
sheet,167
rival,167
squat,167
patsy,166
dense,166
prawn,166
diode,166
nicer,166
creme,166
fiber,166
ultra,166
palsy,166
three,166
swamp,166
brief,165
frank,165
quart,165
gauze,165
brine,165
foamy,165
quash,165
geese,165
risen,165
prank,165
flask,165
trawl,165
quack,165
valve,164
defer,164
gaudy,164
decor,164
quail,164
loyal,164
gauge,164
deuce,164
faith,164
diner,164
steel,164
surer,163
terse,163
freer,163
thank,163
sewer,163
seedy,163
credo,163
mango,163
clued,163
harpy,163
wacky,163
pried,163
manly,163
sense,163
fried,163
gaily,163
caput,162
biome,162
cheek,162
khaki,162
berry,162
bezel,162
final,162
taunt,162
miser,162
erect,162
boney,161
favor,161
zonal,161
chaff,161
blood,161
boxer,161
vapor,161
tuber,161
tatty,161
plant,161
sever,160
older,160
dryer,160
sweet,160
haunt,160
bevel,160
ninja,160
scour,160
meter,160
quota,160
tango,160
wagon,160
tepee,160
ombre,160
enter,160
booby,159
bluer,159
staff,159
medic,159
ruder,159
cubic,159
belle,159
green,159
vital,159
modem,159
elide,158
sleek,158
scrum,158
tonga,158
vague,158
preen,158
libel,158
press,158
tally,158
ether,158
tribe,158
idiom,157
wharf,157
graft,157
skier,157
buyer,157
villa,157
occur,156
qualm,156
quark,156
reedy,156
snide,155
ralph,155
steep,155
scoop,155
biddy,155
loser,155
seven,155
fanny,155
wider,155
egret,155
comet,155
olden,155
birch,154
gaffe,154
chide,154
refer,154
sheep,153
piece,153
bison,153
curse,153
crest,153
blond,153
chose,153
close,153
crone,153
sleep,153
slice,153
gaunt,152
greet,152
plank,152
bench,152
since,152
graph,152
twang,152
excel,152
error,152
mangy,152
tawny,152
drone,152
broke,152
gravy,152
flank,152
blind,152
broom,151
under,151
verse,151
idiot,151
puree,151
crepe,150
fatty,150
snore,150
gamut,150
bosom,150
plied,150
patty,150
lanky,150
jaunt,150
widen,150
robin,150
slide,150
disco,150
vaunt,150
wiser,150
decry,150
belch,150
resin,150
crime,149
chore,149
chord,149
sappy,149
decoy,149
berth,149
tangy,149
cower,149
reuse,149
elect,149
model,148
serve,148
polka,148
newer,148
ethos,148
probe,148
trice,148
hence,148
onset,148
video,148
needy,148
scout,148
diver,147
these,147
crude,147
trend,147
booze,147
store,147
siege,147
topaz,147
boost,147
seize,147
timer,147
savvy,147
tenet,147
islet,147
beefy,147
inner,146
poser,146
cover,146
miner,146
stood,146
junta,146
bossy,146
sweep,146
renew,146
wooer,146
queer,145
broil,145
bowel,145
gayly,145
bonus,145
debut,145
weird,145
stein,145
noble,145
brick,145
tense,145
sower,145
never,145
shore,145
horde,145
ulcer,145
nosey,145
leech,145
fault,145
flaky,144
offal,144
moose,144
blurb,144
druid,144
shire,144
usher,144
vault,144
spice,144
relic,144
noose,144
inter,144
sieve,144
icily,143
comic,143
shrew,143
begin,143
solid,143
horse,143
demon,143
index,143
gross,143
orbit,143
homer,143
there,143
denim,143
spend,143
noise,143
dozen,142
cruel,142
build,142
bound,142
hobby,142
lobby,142
waltz,142
kneel,142
tweet,142
guess,142
brute,142
coven,141
leper,141
stoic,141
stern,141
scowl,141
liner,141
lever,140
elite,140
brisk,140
imbue,140
clone,140
etude,140
rinse,140
queen,140
oddly,140
other,140
chest,140
otter,139
budge,139
icing,139
loose,139
pence,139
chief,139
force,139
climb,139
cycle,139
rupee,139
buddy,139
laugh,139
dunce,139
eject,139
dodge,139
fence,139
mercy,139
bloke,139
conic,139
riper,138
being,138
dirge,138
ensue,138
swore,138
crowd,138
stone,138
sword,138
fleet,138
rower,138
smote,138
edify,138
robot,138
bloom,138
elude,138
merit,137
repel,137
issue,137
roger,137
sinew,137
smite,137
undid,137
serif,137
burst,137
leery,137
truer,137
yield,137
river,137
price,137
mince,137
merge,136
choir,136
spore,136
chime,136
nerdy,136
shone,136
spiel,136
boule,136
brook,136
worse,136
linen,136
revel,136
teddy,136
check,136
droit,136
globe,136
weedy,136
ruler,136
befit,135
spire,135
wheel,135
genie,135
pizza,135
rebut,135
fiend,135
rover,135
shine,135
sonic,135
hedge,134
binge,134
unset,134
where,134
purer,134
covet,134
fewer,134
pride,134
heron,134
ledge,134
nurse,134
ethic,134
smile,134
child,133
outer,133
flier,133
cutie,133
recur,133
totem,133
block,133
birth,133
prose,133
ripen,133
nerve,133
briny,133
unwed,133
crock,133
voice,133
throb,133
timid,133
plier,133
copse,133
debug,132
crick,132
owner,132
slime,132
bilge,132
posse,132
oxide,132
drove,132
finer,132
below,132
crumb,132
curio,132
serum,132
inlet,132
stole,132
fetid,132
taffy,132
botch,132
truss,132
exert,132
unfed,131
niche,131
rouse,131
dopey,131
goose,131
covey,131
goner,131
sissy,131
theme,131
women,131
elbow,131
lucid,131
delve,131
fever,131
those,131
wield,131
genre,131
dowel,131
deity,131
drive,131
ridge,131
remit,131
mower,130
broth,130
condo,130
butte,130
infer,130
their,130
filer,130
enemy,130
shrub,130
merry,130
gooey,130
verso,130
gloss,130
tilde,129
inert,129
super,129
money,129
lurid,129
brown,129
sperm,129
tepid,129
ovoid,129
poise,129
floss,129
happy,129
retro,129
synod,129
field,129
exile,129
swine,128
gawky,128
locus,128
truce,128
suite,128
twice,128
cynic,128
booty,128
tiger,128
torus,128
scoff,128
booth,127
belly,127
clerk,127
voter,127
cloud,127
hymen,127
tower,127
smoke,127
mover,127
every,127
liege,127
wedge,127
doubt,127
deign,127
sheik,127
ionic,127
heist,127
sorry,127
micro,127
trite,127
brink,127
demur,127
ounce,126
choke,126
token,126
pubic,126
spine,126
teeth,126
mimic,126
rerun,126
donor,126
third,126
drool,126
retch,126
liken,126
brush,125
motel,125
rivet,125
wince,125
threw,125
elope,125
foyer,125
lower,125
sound,125
cello,125
color,125
turbo,125
limbo,125
utter,125
rigid,125
lumen,124
honey,124
civic,124
liver,124
perch,124
storm,124
burnt,124
torso,124
midst,124
urine,124
stoke,124
shorn,123
speck,123
jazzy,123
golem,123
endow,123
crook,123
mouse,123
spite,123
cinch,123
tenor,123
level,123
bring,123
often,123
roost,123
could,123
midge,123
glide,122
crisp,122
music,122
corny,122
unmet,122
evict,122
femme,122
hover,122
smelt,122
wrest,122
segue,122
lyric,122
lover,122
whose,122
ficus,121
snipe,121
penne,121
verge,121
crept,121
event,121
snort,121
smock,121
squib,121
crony,121
conch,121
moron,121
recut,121
metro,121
bunch,120
curve,120
lemon,120
purse,120
colon,120
dirty,120
epoch,120
evoke,120
inbox,120
clock,120
poker,120
grief,120
upset,120
hotel,120
ditch,120
prone,120
clove,120
frond,120
grind,120
chock,120
juice,119
click,119
focus,119
wrote,119
duvet,119
surge,119
melon,119
mucus,119
exist,119
chick,119
joker,119
write,118
toddy,118
filet,118
virus,118
butch,118
louse,118
round,118
house,118
wreck,118
verve,118
ozone,118
forte,118
guide,118
detox,118
retry,118
peril,118
stove,118
stock,118
begun,117
woken,117
piney,117
smell,117
singe,117
cumin,117
fixer,117
world,117
slope,117
uncle,117
curry,117
reign,117
droop,117
tonic,117
torch,117
grime,117
stick,117
thief,117
quiet,116
chute,116
giver,116
blown,116
piper,116
crown,116
fresh,116
depot,116
prime,116
sworn,116
lodge,116
opine,116
shove,116
power,116
brunt,116
expel,116
onion,116
shock,116
bulge,116
jewel,116
guise,116
ferry,116
missy,116
slosh,116
crust,116
short,116
flyer,115
flood,115
viper,115
ruddy,115
shoot,115
drown,115
bigot,115
boozy,115
burly,115
shirt,115
minus,115
devil,115
humid,115
slick,115
fetus,115
chili,115
route,115
ovine,115
swoon,115
story,115
couch,114
offer,114
bugle,114
moody,114
mossy,114
poesy,114
untie,114
spent,114
moist,114
blink,114
prude,114
idyll,114
bitty,114
rotor,114
unite,113
spoon,113
built,113
revue,113
drink,113
nobly,113
testy,113
bingo,113
impel,113
pesto,113
style,113
movie,113
spoke,113
dwelt,113
groin,112
blurt,112
droll,112
spike,112
shell,112
hyper,112
overt,112
blush,112
fiery,112
trope,112
crush,112
stool,112
spicy,112
strip,112
refit,111
sooty,111
trove,111
elegy,111
lipid,111
bongo,111
bushy,111
given,111
visor,111
drill,111
undue,111
smirk,111
billy,111
vixen,111
ditto,111
noisy,111
tripe,111
solve,110
coupe,110
hydro,110
sooth,110
entry,110
trick,110
giddy,110
gruel,110
novel,110
mound,110
gnome,110
towel,110
livid,110
twine,110
skirt,110
prior,110
minor,110
woven,110
incur,109
irony,109
stork,109
court,109
cleft,109
hoist,109
minim,109
prism,109
sushi,108
dwell,108
swish,108
title,108
spelt,108
stint,108
whine,108
muddy,107
gecko,107
rhino,107
utile,107
nudge,107
rhyme,107
phone,107
lorry,107
dodgy,107
blitz,107
proud,107
venue,107
worst,107
first,107
sport,107
tithe,106
fjord,106
churn,106
digit,106
welch,106
shirk,106
motor,106
shook,106
spoil,106
doing,106
gourd,106
stony,106
rumor,106
blimp,106
crimp,106
groom,106
wordy,106
geeky,106
snoop,106
porch,106
venom,105
swell,105
chirp,105
felon,105
intro,105
thorn,105
wrist,105
elfin,105
buxom,105
hound,105
queue,105
rifle,105
hovel,105
white,105
olive,105
gorge,105
guest,104
drift,104
optic,104
forge,104
frost,104
ennui,104
slept,104
roomy,104
lemur,104
froze,104
lithe,104
smith,104
dowdy,104
visit,104
cloth,104
fetch,104
dutch,104
bunny,103
tunic,103
stoop,103
honor,103
pixie,103
zesty,103
flesh,103
dimly,103
rigor,103
blunt,103
posit,103
shiny,103
fleck,103
clown,103
spell,103
swirl,103
whole,103
prize,103
dusty,102
quest,102
stilt,102
shelf,102
toxic,102
grope,102
sprig,102
while,102
union,102
limit,102
curly,102
woody,102
pooch,102
topic,101
duchy,101
depth,101
welsh,101
spool,101
grove,101
lurch,101
sloop,101
goody,101
mirth,101
gumbo,101
rouge,101
hello,101
gripe,101
inept,101
clink,101
study,100
snuck,100
upper,100
slimy,100
ditty,100
pixel,100
myrrh,100
strut,100
helix,100
vivid,100
outdo,100
prove,100
logic,100
foist,100
civil,100
worry,100
notch,100
count,100
piety,100
sloth,100
frock,100
pulse,100
eying,100
cluck,99
jumbo,99
fluid,99
prune,99
snout,99
north,99
rocky,99
dingo,99
prick,99
shown,99
stink,99
joist,99
quote,99
chill,99
chuck,99
quite,98
floor,98
surly,98
neigh,98
vowel,98
moldy,98
furor,98
dowry,98
humus,98
horny,98
wound,98
clout,98
kiosk,98
spook,97
thumb,97
still,97
risky,97
dilly,97
stuck,97
croup,97
rogue,97
hinge,97
thick,97
guile,97
mourn,97
knife,97
juror,97
hitch,97
swept,97
knelt,97
cling,97
guild,97
slink,97
pound,96
knock,96
eking,96
tenth,96
thyme,96
stout,96
found,96
troop,96
itchy,96
tryst,96
tempo,96
bully,95
shuck,95
smoky,95
split,95
shush,95
femur,95
dolly,95
tumor,95
primo,95
query,95
ivory,95
dryly,95
dying,95
feign,95
sting,95
widow,95
slush,95
hussy,95
rowdy,94
shout,94
spiny,94
silly,94
twist,94
swoop,94
trust,94
extol,94
envoy,94
enjoy,94
frisk,94
snowy,94
drunk,93
gloom,93
hurry,93
coyly,93
sling,93
which,93
perky,93
folio,93
spurn,93
donut,93
humor,93
fudge,93
winch,92
touch,92
judge,92
bough,92
tulle,92
width,92
tooth,92
would,92
ghost,92
rusty,92
rugby,92
stomp,92
setup,92
jerky,92
motto,91
front,91
dusky,91
spoof,91
spilt,91
pesky,91
troll,91
igloo,91
truck,90
purge,90
vomit,90
comfy,90
print,90
nylon,90
pinch,90
windy,90
toxin,90
eight,90
witch,90
dummy,90
skill,90
finch,90
using,89
tutor,89
suing,89
south,89
throw,89
trout,89
downy,89
showy,89
penny,89
reply,89
shift,88
curvy,88
erupt,88
glove,88
pitch,88
dingy,88
login,88
munch,88
swill,88
girth,88
stunt,88
flock,87
ninny,87
godly,87
juicy,87
bulky,87
point,87
worth,87
theft,87
spurt,86
sunny,86
spill,86
flick,86
fussy,86
swing,86
mulch,86
thrum,86
flirt,86
forty,86
crypt,86
girly,86
joint,86
lousy,86
plumb,86
shunt,86
silky,86
weigh,86
crump,86
unlit,85
forum,85
twirl,85
forth,85
spout,85
glory,85
grimy,85
shrug,85
epoxy,85
proof,84
musty,84
skimp,84
furry,84
petty,84
froth,84
sixty,84
minty,84
empty,84
grown,84
motif,84
krill,83
newly,83
sixth,83
photo,83
morph,83
equip,83
ninth,83
jetty,83
frown,83
ingot,83
lunch,83
fruit,83
syrup,83
hunch,83
whirl,83
flute,83
forgo,83
flume,83
plume,83
whisk,83
pilot,82
gusto,82
sight,82
fishy,81
pouch,81
unity,81
month,81
quick,81
pinto,81
howdy,81
wooly,81
lunge,81
slurp,81
dully,81
tipsy,81
swift,81
mount,81
chunk,81
hutch,81
uncut,81
vigor,80
gouge,80
jelly,80
until,80
vouch,80
grill,80
spiky,80
wrong,80
opium,80
exult,80
frill,79
wring,79
hefty,79
lefty,79
think,79
stunk,79
cough,79
known,79
mushy,79
lusty,79
shyly,79
picky,79
joust,79
slyly,79
grout,79
sniff,78
glint,78
lupus,78
dough,78
prong,78
sully,78
quell,78
mucky,77
usurp,77
flour,77
slunk,77
cliff,77
clung,77
flint,77
knoll,76
thong,76
whelp,76
lingo,76
owing,76
whiny,76
loopy,75
phony,75
moult,75
stung,75
thing,75
murky,75
right,75
stiff,75
pique,75
going,75
tying,74
truth,74
punch,74
dizzy,74
mouth,74
vogue,74
hilly,74
whoop,74
dumpy,74
fritz,74
gulch,73
chump,73
musky,73
clump,73
slung,73
truly,72
holly,72
trunk,72
hotly,72
skunk,72
growl,72
wispy,72
lucky,72
kitty,72
quirk,72
fluke,72
lying,72
mummy,72
grunt,71
milky,71
buggy,71
prowl,71
woozy,71
gusty,71
unfit,71
stump,71
gipsy,71
sulky,70
bluff,70
proxy,70
flown,70
witty,70
skull,70
slump,69
vigil,68
youth,68
filmy,68
goofy,68
tulip,68
skiff,68
guilt,68
soggy,68
outgo,68
rough,68
husky,68
spunk,68
thigh,67
privy,67
might,67
pivot,67
willy,67
filth,67
night,67
quilt,66
swung,66
quoth,66
pluck,66
unify,66
plush,66
flush,66
skulk,66
nutty,66
leggy,66
wryly,65
filly,65
pushy,65
imply,65
group,65
flout,65
trump,64
junto,64
tight,64
fling,64
golly,64
twixt,63
pithy,63
kinky,63
folly,63
light,62
vying,62
jolly,62
young,62
ghoul,61
pudgy,61
vinyl,61
quill,61
fugue,61
pouty,61
lofty,61
input,61
wimpy,60
lowly,60
pinky,59
wrung,59
gummy,59
hippo,58
nymph,58
gypsy,58
snuff,58
unzip,58
funny,57
tough,57
ought,56
stuff,55
wight,55
mogul,55
fungi,54
fifty,54
lymph,53
fight,53
fifth,53
putty,52
pupil,52
hunky,52
lumpy,51
thump,51
gully,50
humph,50
polyp,49
fully,49
plunk,48
flunk,48
hippy,47
whiff,46
flung,44
funky,43
fizzy,42
pygmy,42
jumpy,41
piggy,41
plump,40
foggy,39
gruff,38
jiffy,38
glyph,37
pulpy,36
poppy,36
fuzzy,26
fluff,24
guppy,23
puffy,23
puppy,22
